training_error,validation_error
0.1137244814858414,0.11118211709138612
0.11461751265499731,0.11200015213371745
0.11538482700780282,0.11267576302927662
0.11601425678036414,0.11325642172654575
0.11645270820482351,0.1136668444036684
