training_error,validation_error
0.1099715208998331,0.10704498245070393
0.11249544897349549,0.10968344523198201
0.1151743125884551,0.11230054899830037
0.11712985410079582,0.11428399458548616
0.11841966401011278,0.11559555362853134
