training_error,validation_error
0.1161130739834662,0.11339753235782447
0.11836456253216408,0.11563575486473156
0.11994464507560712,0.11722456235255349
0.12091881852975511,0.11817169865613947
0.12146479231784094,0.11870284063366673
