training_error,validation_error
59089.198993113576,59755.47522659217
58497.19518512748,59255.87542739759
58324.58470218039,59178.22116675588
58277.898944839566,59191.04333181965
58268.82147472524,59219.00235782273
58270.678703246434,59242.40927882387
58275.27104563176,59260.204972636006
