training_error,validation_error
59089.19796807416,59755.474289605074
58497.19431886696,59255.87461086534
58324.584057008586,59178.22054419274
58277.89845043109,59191.04286371843
58268.821096121595,59219.002023156085
58270.67840722338,59242.4090086774
58275.27081071932,59260.204757880274
