"","MSETrain","MSETest"
"1",0.283546560781973,0.347391527251335
