"","MSETrain","MSETest"
"1",0.208293680372185,0.598108503553602
