"","MSETrain","MSETest"
"1",0.276788068661255,0.405874294704861
