"","MSETrain","MSETest"
"1",0.26644474079267,0.462465116712782
